Address,Minted,Cost Per Slothty,Total Cost,IDs
0x63c56771c65E1EEa3B4a9e729Ef1034C2d16e838,53,249,13197,"[7351, 1424, 7256, 8652, 6126, 2267, 4611, 3888, 3831, 7615, 6271, 6601, 2892, 4613, 1747, 1556, 7219, 389, 8498, 7835, 8103, 2196, 7447, 981, 1071, 2111, 3302, 7060, 2555, 1997, 3538, 5883, 8362, 6039, 575, 4866, 872, 4511, 4482, 4099, 2725, 8068, 4319, 3756, 6608, 4173, 2233, 5687, 1367, 780, 4747, 8196, 5548]"
0xD085fdbC919cC5c1fc807A0C9B90409C387F0cA1,35,249,8715,"[2076, 2429, 8348, 4917, 3005, 5263, 1001, 7284, 4956, 6417, 3084, 1753, 1481, 4593, 4354, 3399, 1613, 518, 4642, 8331, 939, 2502, 5117, 1342, 6791, 6847, 8585, 3753, 7800, 4026, 6747, 1575, 3550, 1661, 5970]"
0xfeDa3358c95bB339FBeDf7Eddf5D5Ae1b567FCc5,34,249,8466,"[2250, 3066, 2077, 5176, 7244, 3992, 3426, 6118, 860, 8559, 1588, 3975, 7937, 7776, 470, 1476, 5285, 5701, 6808, 1323, 4166, 8528, 3175, 7001, 1416, 3192, 6244, 2860, 1954, 1382, 1131, 6898, 5742, 7785]"
0x93BF27a3512F28a4ce66ebd0bc0fC8DFD0602448,30,270.67,8120,"[3460, 4553, 3250, 2528, 771, 2602, 193, 7630, 6993, 1976, 5711, 6868, 893, 6254, 5109, 4407, 2307, 6926, 6624, 3278, 3727, 2219, 3153, 6709, 7597, 7430, 7659, 7124, 8469, 5782]"
0x30a57D1f2174eebb71d039e451484325f7dc99D1,32,249,7968,"[4005, 3627, 4063, 6195, 2906, 3970, 8233, 3878, 5938, 3993, 6462, 1195, 6113, 414, 6830, 3591, 7565, 1985, 3603, 2591, 1321, 6164, 3930, 342, 1967, 2478, 5304, 6958, 8414, 3707, 5805, 4668]"
0xB25528d419a3FED81e8d27c426a2A8F55b1D5B37,30,249,7470,"[180, 7015, 7483, 3203, 5786, 5231, 3556, 5311, 1830, 4016, 7886, 2761, 5537, 5597, 2587, 7290, 6171, 5078, 3459, 221, 494, 1688, 1979, 1851, 7400, 2309, 5855, 6820, 4567, 1049]"
0xA99A8c1254DC07169bd3fF9CA20f37aa3c339885,25,257,6425,"[5389, 8568, 1911, 4385, 4080, 2285, 6227, 3947, 3847, 7923, 8440, 503, 5859, 7097, 6048, 3310, 6866, 7629, 2029, 2999, 905, 3003, 1091, 8069, 7457]"
0x44D3ea2cE47a9Ea3190BE77c9a3105F4fAc56d3d,25,249,6225,"[3020, 536, 2083, 4502, 5681, 1787, 3944, 3487, 2099, 7636, 4602, 7346, 6853, 8510, 1800, 6339, 3239, 4879, 7933, 7533, 6647, 6053, 7828, 5535, 6153]"
0x574cEAC75090869c92fd5315D0e89a0294cA58Fc,24,249,5976,"[7703, 2986, 7706, 8332, 3871, 7069, 855, 2022, 5824, 5869, 3906, 8283, 803, 4533, 7276, 7608, 936, 3042, 7037, 2447, 7698, 1122, 949, 6957]"
0x8aA3B68B1c2374b3E831FF42aFa1B5b2E911284a,24,249,5976,"[5190, 6634, 3441, 8108, 7343, 6365, 8147, 8468, 4364, 471, 1541, 7081, 6714, 6397, 5793, 6077, 3759, 7473, 4711, 693, 1038, 7090, 4199, 6022]"
0xc79f690Fd94e644f478eCd2D40915f1baFc644B4,19,299,5681,"[5432, 6563, 3291, 2179, 401, 5203, 3220, 8187, 5847, 3189, 4387, 4112, 5962, 993, 2792, 1974, 6899, 7803, 6984]"
0x8F1Fb491b1Da29427D0D8dCC2a162378CF19768b,20,274,5480,"[886, 2235, 2397, 2316, 268, 3453, 4704, 6044, 8450, 8455, 8441, 5151, 752, 8812, 1823, 3329, 3489, 3599, 2199, 2361]"
0x789e372442D31488A2d3565D916f812c7E400F16,21,249,5229,"[174, 1593, 5625, 5981, 6659, 8190, 1307, 4561, 7168, 1928, 535, 3188, 699, 6826, 815, 4989, 8865, 1052, 7404, 4119, 6662]"
0x058E2C9e6C0c085901b321eb04ebaF059EFCC394,20,249,4980,"[3942, 204, 6657, 7990, 2968, 8087, 5603, 8017, 8030, 3120, 6729, 7317, 4994, 7000, 5436, 961, 8402, 1413, 2399, 6300]"
0xdCF6D0C0d7064fB42fEf1346C84fB759bFF4f81a,20,249,4980,"[4144, 7464, 5993, 812, 6377, 1369, 7640, 3645, 2329, 5230, 7877, 7791, 663, 4804, 4066, 256, 3158, 8353, 6099, 6883]"
0xAE572d0f8b953fefae5fe5B745211e74833AaA41,19,249,4731,"[925, 2547, 2074, 8112, 1198, 1880, 6474, 2814, 7691, 8242, 1298, 6029, 8871, 2958, 2658, 8878, 4018, 103, 7190]"
0x4e8D014826fd2cAB00C41e5292F17D593CC50006,15,299,4485,"[404, 976, 6825, 5870, 7480, 6513, 1534, 3850, 1504, 5930, 2976, 8491, 1231, 3054, 3547]"
0x4414eD005d1296Cae830547Ffd57dC3b6dC04CED,18,249,4482,"[5821, 6165, 3726, 6450, 325, 368, 6431, 5913, 4872, 1459, 1055, 5707, 6542, 5484, 6736, 5355, 8354, 1929]"
0x1E06A8Ddbf0846955Eb8db6436235caaE81C7Ecc,18,249,4482,"[3960, 2302, 153, 2917, 6062, 1829, 4731, 4210, 3939, 6876, 488, 736, 4007, 4446, 1115, 3528, 8267, 6084]"
0xc347187f8EC03e6921B21D0De931f9a27aEaFeF4,18,249,4482,"[2516, 5635, 8850, 8209, 1596, 6658, 7101, 6004, 2176, 430, 4231, 698, 3025, 5918, 2894, 7998, 2721, 123]"
0x76c2BB98390d2d9b821c171DEbAe5AbA7987AA81,18,249,4482,"[6071, 3562, 8172, 5986, 8420, 311, 8149, 5181, 7504, 3065, 7668, 2423, 1065, 8269, 8098, 7085, 6309, 7456]"
0x744162Ce693B86b1C1f54c3b684627Fb7dDB9B3C,18,249,4482,"[6360, 3754, 1417, 666, 5317, 3728, 3389, 1079, 3013, 1319, 6451, 7287, 7031, 427, 741, 3442, 5225, 862]"
0x6e993FcA2C17203Ed8cF0c23bC64B7F0381d2EBA,18,249,4482,"[4003, 2928, 5019, 3898, 8614, 7915, 833, 3019, 4848, 2608, 3359, 7094, 6739, 3199, 4741, 7539, 8213, 2715]"
0x02e0893d6B46481C826C9dB4099f08d181b13531,17,249,4233,"[4427, 314, 4279, 7821, 7945, 8277, 7505, 2066, 7521, 7536, 3444, 6122, 131, 1668, 6252, 4480, 8497]"
0xf50D262a10F4904C2620B0C11E9a5Cd5708C9179,17,249,4233,"[7717, 7424, 316, 1672, 2441, 1764, 8006, 788, 2625, 251, 2530, 6646, 5119, 8588, 6792, 3335, 3543]"
0x8E2Bd0bbBC3dfAe153Ad7a3c2A17E21Dde966af7,14,288.29,4036,"[5985, 8532, 1678, 2539, 646, 1252, 6757, 5460, 7686, 4842, 2342, 6758, 6734, 8059]"
0x44066ee8d1dAe1859bF170a4677bBa9F0CCa1615,16,249,3984,"[8326, 1355, 6641, 7269, 5972, 5499, 2386, 5085, 5791, 1129, 8011, 4416, 1869, 5532, 5835, 8025]"
0xF45c6eCE46FeccFD2217AbA62D970eBEEe8BAa22,15,249,3735,"[2398, 4147, 7704, 6973, 7115, 5424, 5565, 4130, 8534, 627, 4024, 2998, 6694, 155, 4014]"
0x8b2a55cACdA7F8a0D96F7da474C3DaF523194Cd5,14,249,3486,"[8425, 3382, 2181, 7099, 5461, 1140, 6842, 243, 4461, 6725, 725, 545, 7218, 2177]"
0x44a40187b36d2797Cf4b5eE9Fb98c581ABfD65d7,10,299,2990,"[1189, 6882, 6357, 6463, 7402, 3243, 2733, 5149, 8255, 8883]"
0x83dBbb65A71479B5565F7263C3939F4647Cd16a8,12,249,2988,"[2363, 5719, 730, 2472, 4562, 1286, 6074, 4581, 2641, 4283, 681, 787]"
0x314fE285c344b685cA9a5de153979816673EA3dD,12,249,2988,"[5634, 7654, 3252, 8555, 593, 7363, 4547, 4914, 1117, 8628, 8692, 8619]"
0x5775057D9d60C46b7f64aa1D46A4235C924c6804,12,249,2988,"[1353, 2711, 334, 6688, 2289, 7405, 8288, 7067, 3244, 2881, 8867, 8153]"
0xf40BDB3596bAa36eB9885D8d6aF5b556Ab658180,12,249,2988,"[3531, 115, 2051, 4771, 6016, 3032, 1036, 7715, 4441, 6501, 7366, 3610]"
0x4856700D84A4457c415f1a7a29E9f23EC0bDB9FE,12,249,2988,"[7671, 5018, 6432, 7026, 5642, 4138, 3567, 6002, 5553, 1183, 3130, 3366]"
0xfE63DB3C2C4369CeDE36017C487836DD561ea778,12,249,2988,"[4289, 4476, 3417, 1428, 7930, 5359, 4583, 1863, 4963, 1605, 5420, 861]"
0x1bABaC96438F52bd93f54226b4735002D82a3864,10,289,2890,"[1884, 5314, 3729, 119, 3448, 5747, 2141, 8303, 2575, 8760]"
0xBd2b15E459821b1A76561D34dbc972d848d1B628,14,252.57,3536,"[2084, 3650, 3932, 3293, 7330, 6749, 1553, 1366, 3737, 2158, 6093, 2274, 8715, 161]"
0x87dEEBFE33Bf8b2EFe40A6D6acd562C763d46174,11,249,2739,"[6484, 2218, 7648, 1736, 5253, 4358, 4847, 2790, 6483, 5908, 1047]"
0xFF773C82CE3f199bcab3Fb90d1959Cba50d73DfE,11,249,2739,"[2091, 4645, 4720, 7036, 5013, 2700, 4327, 648, 1847, 196, 6167]"
0x39Bff2637b5AD19713fC5df6Ae3736eeD041D0F3,9,299,2691,"[8016, 3526, 6720, 2521, 3323, 1199, 1167, 3576, 2611]"
0x832B667DA917aA2e225719d1451E7482C84682B1,9,282.33,2541,"[4952, 1692, 3304, 6498, 4679, 5275, 2743, 8842, 8307]"
0x21d8b3A3096a7B0D17DBb9B202F596CE90387152,10,249,2490,"[8790, 1387, 2202, 3953, 4374, 1399, 4770, 3955, 8057, 8251]"
0x29Ad04C4e811b2389563A97D43979221d17B1d54,10,249,2490,"[1921, 7193, 6424, 1478, 8136, 7960, 6679, 205, 3711, 7384]"
0xc1A3a5c69e2a76F80805F89A62F107F7a3f9C23A,10,249,2490,"[4691, 7159, 3555, 5289, 3027, 8880, 7313, 2012, 4922, 7921]"
0x77fD3c6d20B772C5564463C62507e4fd8a1a8514,10,249,2490,"[4719, 4023, 757, 7202, 1337, 6799, 7139, 7667, 6181, 5406]"
0x23f916b1ABed99706e35A27D29094944c86Bf4e2,10,249,2490,"[8466, 1737, 7864, 279, 3258, 7378, 2722, 7440, 7673, 7624]"
0xaC2eB83EfC3e151bC11e3DB87cB83eec54B97a76,10,249,2490,"[6998, 4116, 7856, 2791, 3462, 3665, 2291, 4013, 2718, 5399]"
0xA1dc36308c9A15Ae1637ca0999F7E83d6BCF2efB,10,249,2490,"[5056, 3024, 664, 2374, 4129]"
0x8615a997509084CffD61F57434d1466f8A9Fc3b8,10,249,2490,"[917, 1365, 250, 8142, 395, 7003, 1465, 5262, 5846, 4221]"
0x605c1a39779c10Ea3755585BBf76f7dE953721ED,10,249,2490,"[2249, 129, 3508, 762, 605, 120, 264, 8015, 4038, 5362]"
0xb2921ec8ad6e7976F0418a2aF7Ff7CD8AB66A761,10,249,2490,"[1125, 1239, 5787, 4158, 6977, 1013, 7913, 3402, 3129, 2620]"
0x22AA6d174D3ce3379dB1eA8FFE051e3895Ea2792,10,249,2490,"[878, 5885, 3223, 8465, 1123, 121, 2505, 3104, 6193, 6133]"
0x2e478849dfF89Be94375A12A19631EE398e6F354,10,249,2490,"[4205, 4431, 5926, 7896, 4449, 6152, 8126, 2391, 8740, 1632]"
0xc405682C726799a95d5528b10935A0900FA3a881,10,249,2490,"[1689, 1149, 2969, 8179, 3712, 3904, 7385, 5709, 7845, 6467]"
0xa7F6FF4c1F069eEe4F3cdc1f9cB9629a7285a21f,10,249,2490,"[4906, 5192, 963, 765, 8240, 1043, 8551, 8433, 4159, 846]"
0x5B727dcb8d96998499fE42b12a5cEAE5C70F57bC,8,299,2392,"[6528, 3006, 5588, 1154, 3936, 7144, 7331, 8078]"
0xaf676658Db6611D4ceB083D64a7934aFDc910C30,9,249,2241,"[5249, 557, 8500, 8684, 4039, 5469, 4071, 3148, 8116]"
0x426072fF14A9c89fd52b802F7241c8Cf09bEC104,9,249,2241,"[2847, 814, 6843, 6073, 7787, 473, 6409, 1126, 5099]"
0x22ec61311d6A8DcB5fA989f8e04c2dfD32E199b4,9,249,2241,"[6103, 5891, 813, 7321, 7406, 6404, 1025, 2385, 7120]"
0xe671084A8cA23eD5918E86E1788a961A4c054190,9,249,2241,"[3532, 3742, 3485, 8702, 8718, 1059, 1396, 825, 6895]"
0x6BAf62ace65420Db49bFF71bf36D64C224221dB6,9,249,2241,"[2376, 6162, 6545, 3387, 4882, 1520, 2678, 240, 8608]"
0x43CB8c1bbB08175485575a89081C78a40Aeb3e84,9,249,2241,"[1151, 6744, 277, 7439, 6210, 2813, 211, 3692, 5372]"
0x18BE534Dc2FF48561c2021cCaD61aEdB981Dccef,9,249,2241,"[4010, 902, 7466, 7954, 984, 3995, 3463, 113, 577]"
0x19940865Abb414F29b28D3dff73F012B162Ab01d,9,249,2241,"[1010, 8289, 2382, 1679, 1192, 4084, 2984, 524, 6172]"
0x99c523647b9093193144386A6d44734894A7111a,9,249,2241,"[5112, 5718, 7367, 8359, 8170, 3445, 8244, 5495, 4414]"
0x4298E51F6ed2CefbDBE47ac8Cba631186c9E8C5b,9,249,2241,"[6250, 8827, 7381, 5357, 8540, 611, 1887, 6518, 6067]"
0x9E92053b61A205B79a3B7601675Ef7aFD4bc040B,9,249,2241,"[5641, 6095, 6236, 2589, 1573, 6202, 7077, 8606, 1560]"
0xd28D7b85FeB68E6177fE8F08B104372C06e07dd9,9,249,2241,"[7748, 7197, 6540, 8127, 7236, 7909, 5630, 6919, 7018]"
0x4D1C5c582775633bc185368ED8d77779b9a3957C,7,299,2093,"[6915, 8822, 5123, 4576, 7890, 3523, 1130]"
0xf58bF7C59acAf88C271261a2d8249411D9cC8B5d,7,299,2093,"[8140, 2490, 6841, 8795, 3034, 2039, 3214]"
0x92AAea0Fcd13fa326deafa461698E46196599013,8,249,1992,"[598, 5294, 2572, 8587, 8085, 2156, 6446, 8415]"
0xB3FF2FC88F842F902BE8c13b6fB62CFf648cEd06,8,249,1992,"[8669, 5504, 2616, 4756, 1614, 727, 677, 2140]"
0x66D1cBE684cd12943546d7e9c2d969a375321719,8,249,1992,"[8446, 8517, 7953, 8730, 8419, 8207, 4269, 6798]"
0x86d71B18817b466D2f08BeE4c5352B724bbe9E2a,8,249,1992,"[1604, 884, 3698, 7724, 7265, 707, 3638, 6445]"
0xF08d3B21dD7ee482F940eF58E736F38C53660219,8,249,1992,"[7605, 751, 942, 7580, 1121, 952, 3124, 1155]"
0x1c1021e62B083862D6A80b653d5d04E810A834bA,8,249,1992,"[1537, 7660, 2653, 5437, 372, 5713, 7501, 6188]"
0x3775bEF51980658c0B2d01F1069cd434F99DaE67,8,249,1992,"[6803, 1327, 3746, 7881, 8563, 7229, 2100, 1448]"
0x34b009009373FfF06495bDd96969c838baa0a709,6,299,1794,"[2515, 2247, 8475, 3349, 1592, 5178]"
0x4B74359a38a19F26C1C49974e8a3B8e935B02ad2,6,299,1794,"[4654, 201, 4821, 5024, 7189, 7941]"
0x95D38B7fA4E7073df3c7ca14fC8F936E233aa451,7,249,1743,"[1470, 6166, 4664, 4920, 5621, 4993, 7147]"
0x92Ab472D2ec26f229a3959e945fF1A53d8b1F925,7,249,1743,"[8002, 5279, 3473, 7927, 7043, 144, 7087]"
0xCA6f86D6406784d10302fd35129a10A727E725fc,7,249,1743,"[4033, 3903, 3907, 2966, 572, 2103, 4584]"
0x3A120D450405AA9B58a9deC4a899135e03af14aA,7,249,1743,"[7382, 2428, 3941, 114, 1496, 2108, 1341]"
0x5fD2eE03d96f53DB1d563630749a4730df5E343a,7,249,1743,"[8856, 875, 592, 6143, 6332, 4053, 4041]"
0x22FEa1190f6c13B1581D3e0e90eB44C2485648C9,7,249,1743,"[6340, 7348, 439, 6596, 4155, 5132, 2388]"
0x53fce255409a818E009F94C76aBBb7746888B7ab,5,299,1495,"[6537, 2630, 2010, 8656, 7594]"
0xd6B44C6B2219a6b9936E81888E4aC969B1943E26,5,299,1495,"[377, 7358, 987, 4072, 4807]"
0xCA722f2adAC622C90c193E0f7dff7DF638BaaC8f,5,299,1495,"[1864, 237, 7185, 6338, 448]"
0x116E14bE95BD6127F773d86CFC2045cE1722d59A,5,299,1495,"[7034, 1053, 8849, 8473, 5924]"
0xe1AD1F0f19399Ee712b4bBC024581e0455Add79a,5,299,1495,"[6779, 6663, 2708, 8206, 4518]"
0xbc7B19E4e69DB306a98e4fc2D6271266aAb7e213,6,249,1494,"[8410, 6886, 6291, 308, 1011, 1445]"
0x737C89186A7eC33696289f1E00A2d1405AB2d41f,6,249,1494,"[5766, 2322, 4672, 2209, 4330, 8042]"
0x38EBC10b3BfA0Ff6B3a8e3629dAFAEcD7C5652F7,6,249,1494,"[3386, 126, 6491, 6237, 1569, 3255]"
0xC31721b94f43c125E22de535b79D7B7b45c52908,6,249,1494,"[4288, 3616, 8680, 6085, 7812, 480]"
0x98523f748F968b55C9A8d2ecF535B5f455285042,6,249,1494,"[1751, 2410, 7716, 248, 2192, 7192]"
0xcBB9205492416995DC11A1ac5895B3F022db7859,6,249,1494,"[5506, 4943, 8366, 6478, 4836, 6261]"
0x070182a365c90710865ac4968bA28A420EFB198F,6,249,1494,"[364, 313, 8064, 1641, 3267, 6956]"
0x2414cb866C10e8e5f52bc85Dc037a8595e0F7837,6,249,1494,"[235, 4964, 515, 7499, 2450, 874]"
0xaB88533C1D07c777057ea130c9A167d674Db92FC,6,249,1494,"[2831, 4661, 8735, 3702, 8178, 3167]"
0x3b8a4A55Ad08fD85156C0a99874Ec383816dd3e5,6,249,1494,"[8572, 4297, 7693, 5454, 4845, 2094]"
0x24E81C518BECeD20E155E65fe2dFF5C73Ee3d570,6,249,1494,"[7977, 8582, 3757, 4591, 5813, 4881]"
0x5cD61C26531E3d21f0aD960080AFea63B3AF0677,6,249,1494,"[596, 1564, 1683, 6874, 798, 6905]"
0x1521277A7d5b630Eb32e7809D03d54eE09EF1637,6,249,1494,"[8065, 5509, 8151, 4397, 4328, 3467]"
0x22136e7A889F17b9965F5Caa0247C600889638B5,6,249,1494,"[8408, 4097, 3814, 1567, 485, 6879]"
0xD5CD731D196226cD4F80fa91daB28F5D53Ab8264,6,249,1494,"[3354, 4819, 684, 5147, 8613, 7585]"
0x103bA39D0552a691a493992B06D5794b13b9684c,6,249,1494,"[5644, 4715, 2936, 2597, 1466, 5664]"
0x4dc53d7822b52380E04340861f0aC3F6C5955148,6,249,1494,"[7542, 284, 5375, 3836, 6500, 7502]"
0x4fC73842B0509CE42d12cd0EDe8fF70C8E8a0954,6,249,1494,"[6732, 1654, 343, 5264, 4246, 5754]"
0xF6E09c13D7040A11A31Ab08e394402Fdb9BDC336,6,249,1494,"[2552, 8518, 5799, 7560, 300, 4788]"
0x08E727aAE1bB1fC04d6AFAEf1B6b983A0c57B0Cd,6,249,1494,"[2945, 1600, 5570, 7024, 3362, 1888]"
0xB9379cb5B557b266E02c1f1d900a11716d2A9264,6,249,1494,"[927, 3172, 6209, 3171, 3177, 2497]"
0xDBD5805c229338D98026ec03D1D8863f23D5527D,6,249,1494,"[4274, 8722, 4069, 1380, 5168, 5612]"
0x731a72b732FEa4B5e7e48116b90E40F5f0305839,6,249,1494,"[5199, 5121, 3388, 3472, 3419, 6224]"
0x1481ca9614e0439b135d1415Fa3708351193D486,6,249,1494,"[3602, 1204, 540, 5733, 3427, 2419]"
0xEdaEf481C789138256947227346C9E73f726649e,6,249,1494,"[192, 3861, 8177, 5144, 4108, 8818]"
0x4b0f6999837f26776cA50492a64e72eF5068B9Cf,6,249,1494,"[4092, 6368, 4434, 3848, 682, 3686]"
0x270Af9dfbeC2D7085bE33925ea04536a90a00A86,6,249,1494,"[5716, 1179, 3469, 2151, 4236, 547]"
0xd77df0b7b7d7b45693c21AAc464AF2BA10433171,10,249,2490,"[635, 182, 444, 5987, 7922, 8241, 2885, 3481, 156, 8273]"
0xFaFc672CF53EB51924D0Aed069Dc53C33b0DCE2F,6,249,1494,"[2458, 5618, 6406, 636, 7407, 6756]"
0x232B41CC1389063BcD05Dbce2ab9a9571f423002,5,249,1245,"[3306, 904, 1854, 4450]"
0x5C3940Cecc5De58F0819F4ee8390801EE845f8c0,5,249,1245,"[1162, 6311, 2846, 7789, 5462]"
0x30E89A994077f7527f5951A9Fbc45bE31418ccfb,5,249,1245,"[533, 2623, 7032, 2803, 4514]"
0xFc559845Fb191beA6C7204945CfA16FDF83e7381,5,249,1245,"[4494, 7271, 2465, 8007, 3040]"
0x988867a5Ccad02119Ae8DB9850BD1380aC876C33,5,249,1245,"[5996, 2778, 7900, 2118, 175]"
0x90AD6932b3e7772aE791Bd1D8bd2B8D94885F4de,5,249,1245,"[423, 7613, 4043, 3187, 8776]"
0xFf1b10DAF7c7d02620Ad398B33f5563d2A43C6Ea,5,249,1245,"[2905, 1237, 5746, 3598, 3144]"
0x8eC697e72b245c7Ef73C22E2506a314C665B23C7,5,249,1245,"[8645, 5367, 1607, 6215, 3272]"
0x0239651e79826399E1e189730a6C7e0C264e23Cc,5,249,1245,"[2501, 4454, 7345, 8501]"
0x2492E4F6fcC44b07A86038Cf695c47d86D1eE5B8,5,249,1245,"[3342, 5159, 2865, 4122, 2023]"
0x81e58eb3903812ec3C512B7d90A7f58D8351948b,5,249,1245,"[7989, 4339, 6180, 4376, 2768]"
0xd70267bd4e5d2b1af9AF90f9b1a6dA3a11FcEDb8,5,249,1245,"[4182, 7386, 8231, 7150, 8807]"
0x5c7d91De3bf6EF7436892eCD4738b9ECA8C3DA90,5,249,1245,"[633, 5201, 6653, 3076, 6367]"
0x664c08A63C674E8cD53f8Bc5d572dFa85FC14546,5,249,1245,"[5449, 2096, 6064, 6228, 5051]"
0x1b2B70626c0Efd3fE992F043C36fF24Da62040e7,5,249,1245,"[1253, 8299, 1905, 508, 6594]"
0xCD26D716332B70542da52119E26020af2f30c071,5,249,1245,"[2889, 1434, 5240, 3807, 5802]"
0xF702fb1a1DdB2E30e8387c2F631a5350aA65Ef46,5,249,1245,"[8663, 2963, 1444, 4457, 296]"
0x2D13a7b057Ac5b47cb8E525774Af1511f41c2b25,5,249,1245,"[793, 1906, 8097, 7188, 4261]"
0x454cfAa623A629CC0b4017aEb85d54C42e91479d,5,249,1245,"[5006, 6671, 3400, 1208, 5066]"
0xBBF7e532E86930B210dcECE2f6FeBa7449015F08,5,249,1245,"[565, 709, 6558, 4065, 6863]"
0x399bfe6177BC8356741D4661F62f6234A17FaAaF,5,249,1245,"[5266, 2542, 3341, 729, 4726]"
0x8c10db1056f10a415B61BE54509e08e361c321eC,5,249,1245,"[1188, 8706, 292, 4067, 8193]"
0x6334Aa13356B1958031DE4f185f41c3f5FC9Cc1e,5,249,1245,"[7734, 6419, 4204, 8185, 7211]"
0x5A58DD770cEEb1f858dC0aBdd5db025a6163356A,5,249,1245,"[6975, 8447, 5602, 5843, 4350]"
0xa753b60DEE312fA8Dc6619062E86Bc729B720f17,5,249,1245,"[8490, 8458, 4188, 2366, 4115]"
0x64977Acf5DeC2754D59f7fa7AE96cE564d969B85,5,249,1245,"[1779, 4653, 7996, 8521, 7061]"
0x74A45997d907dF216FD4CB10568371F84704AbD5,5,249,1245,"[5538, 1277, 2805, 7152, 1066]"
0x46DfB82D47d2761D4f67Fc12B4D5ae6D3Ab0D0c7,5,249,1245,"[5341, 3217, 2992, 4733, 989]"
0xDb9f304D0A01AbC2ED1053554eDc306f150f3e34,5,249,1245,"[261, 7336, 4641, 6814, 5434]"
0x08Ce11EB69C94A76C1f695cA024aF5ab88Bb464a,5,249,1245,"[3367, 170, 4851, 1212, 4278]"
0x20AA3c47f43016BA32f089408a7DFf4C417D7Dce,5,249,1245,"[5942, 888, 4156, 8622, 8609]"
0xE5081447AbdF4db3Ff0Dd23dEE09fF94D9907FC4,5,249,1245,"[6854, 8227, 609, 1713, 7164]"
0xd56535515259e9E138BF3C1e6ef808b3564CD0B1,5,249,1245,"[6280, 5302, 5152, 5058, 6896]"
0x410fC00eB409b81e97C00819ef03c73e6797a9E5,5,249,1245,"[7665, 4000, 7194, 6849, 5409]"
0x2b1e04fB345E6069e3a670E0E8BB581676881321,4,299,1196,"[2061, 4466, 4805, 6635]"
0x1cc50A8600c7e39A3563B4e4eFec3ab8160bF816,4,299,1196,"[5474, 4648, 1597, 8707]"
0x94c5b8856F044df36c9c0b9Af63926f9e2435B81,4,299,1196,"[7984, 4181, 8013, 3618]"
0x932B6a7154F7F55466cd2d750242D07773CE0568,4,299,1196,"[5696, 3812, 3429, 5969]"
0x380983AeFC028fC268c0A66628e4D19cEffA2598,4,299,1196,"[4501, 807, 8705, 5982]"
0x4b0D3e1e04b49FE80c94980B95d8ce9D26A0D447,4,299,1196,"[5871, 276, 8792, 5089]"
0x7BE3022B9B7e3Ac00dEe5a785D5cb318BcdE03F8,4,299,1196,"[3026, 5921, 443, 3355]"
0xDD09ae3f211276D6064B2E232450019A19e7f745,4,286.5,1146,"[5572, 4492, 8734, 1088]"
0x1f755B0DA055F3D4A76f82A17A3A08E522f6af48,4,261.5,1046,"[7532, 5382, 8210, 6086]"
0x7faA60c0E9129D9c831Ef1090375d1294ccc741B,4,249,996,"[5487, 747, 8522, 6587]"
0xca9D821C354A5e815c8eEcD2339a6C1AeAA0ABcF,4,249,996,"[6673, 7675, 5804, 6292]"
0xEe25EDAa1E22Dd1F8D2f557a8fE07f9368a4C0dF,4,249,996,"[6787, 1102, 3497, 8304]"
0x612558F2078602C2404B8eC18A1847C5941fD20B,4,249,996,"[5032, 4184, 7482, 7252]"
0x0bae34fC7d5aaae1a7E68c172a007A020EFDE97e,4,249,996,"[6636, 5370, 3920, 7213]"
0xc6C2c289Ea8758FA9Ec44889a2C7E417600bbc5b,4,249,996,"[3030, 1526, 539, 7554]"
0x0909c42a6c7f1370F880eA5e30A2b98a507A3833,4,249,996,"[5810, 6559, 2033, 1819]"
0xf7Ce90c69eff6dF6A51751e0d74015f03E9193B2,4,249,996,"[994, 4898, 1669, 3917]"
0x8fFeeCF0903D9b35188b90aA668edA1dF1Fcf9E0,4,249,996,"[1957, 7931, 7191, 7053]"
0x802ebA580798dd6eCdCF06d154bd35a020a5E1e6,4,249,996,"[2162, 2819, 3206, 1045]"
0x5eDc71EbffAb1A6fe44D4e834fDb854A9673D626,4,249,996,"[6328, 7293, 5825, 5015]"
0x3d45f430818dc3cA130f51E2fDb9d1D3F636FB3C,4,249,996,"[7658, 4622, 1148, 4755]"
0xAF00BafD8239079CB339A126620308EC68D18910,4,249,996,"[8641, 1952, 6974, 7735]"
0x47dBFCFD165441fdc45D7E3f83c206Afe53a5277,4,249,996,"[840, 531, 7109, 990]"
0x00779809C0089d269C719F5953F7528E4dcE1Bdc,4,249,996,"[238, 7467, 4252, 7599]"
0x3D7382733EA9d8796F41cC63d977fa844a434d0A,4,249,996,"[3796, 2396, 2600, 1917]"
0xE33cCf2E727c1Dd2c8fDA36E357c3617c1E7448F,4,249,996,"[3128, 5620, 517, 3612]"
0x9120Ee32A2D013D69a70E50814b2819bB037A67E,4,249,996,"[8840, 1765, 2360, 5120]"
0x41D1335D20e1C890391b29c9134bF4aC6733a029,4,249,996,"[1611, 8370, 5697, 2916]"
0x056ed1c609cB7A1034A0c6e9e4Ff6461dD43A1B4,4,249,996,"[2425, 2879, 5608, 385]"
0xb1b4AAea6a638d2ceE13D07979D4730C3A0637A6,4,249,996,"[6149, 2904, 7273, 772]"
0xDb0e36D1bFBedE21f1a3423898D4C43cBf9802Bf,4,249,996,"[6349, 3009, 7508, 7027]"
0xD0FbB89151916CBdCB3e75a79B599b36aAfB63Cc,4,249,996,"[8484, 5219, 2055, 4137]"
0x4c12170bf8e986e43D04ADd0184489959faa695f,4,249,996,"[4980, 6869, 5514, 1609]"
0x7F5B7b2eBCE8231714749c6f69be3B9eC005760B,4,249,996,"[2583, 2231, 302, 1761]"
0x6A8802a57274C236d418FbC28c096A1896A83EF8,4,249,996,"[3720, 3632, 5363, 4353]"
0xe747E8D29E3339249635d5E9cA852B2047982ff5,4,249,996,"[5751, 6571, 4120, 3915]"
0xA9879e1A39288e77332c4Cc11DaD8fd7D77a0EcC,4,249,996,"[2727, 8829, 7182, 5136]"
0x1EB52aa440CeE77C62f12037191D510bf0bbe534,4,249,996,"[4420, 3527, 8253, 1299]"
0x9dD43969fe08CF5E4558daE6BAeD08A28eeF8A9c,4,249,996,"[1956, 7312, 3769, 1174]"
0xCd200478C63D34970F036e496E833c7969c676A2,4,249,996,"[7809, 5773, 1150, 3430]"
0x778d173dF9554c586A405949f25CB5BE97a216F4,4,249,996,"[5557, 4485, 6831, 1405]"
0x9316aE6261D4fA383fdb3B012dEbae5FC35F9042,4,249,996,"[2368, 740, 5543, 8398]"
0x49c81aDe4A79EF391eD7c75376Ae13d9c1192484,4,249,996,"[1795, 1105, 260, 4985]"
0x986B9015609006444f372f84C5c54c0edDbbe0cF,4,249,996,"[3927, 1312, 5105, 959]"
0xC7C9957E7Fd79FF0846F2A1c7871d5a98CfAa94D,4,249,996,"[1112, 8074, 4708, 6781]"
0x3cf88112AFe09e01Ab6aBBEc2d50e024110e958A,4,249,996,"[7357, 8788, 4183, 8813]"
0x23ABd34AC3c08b261196c5061d04a613d18dD2dB,4,249,996,"[4565, 6666, 8556, 7918]"
0x0549E778e9552E779460bC616eb40C4C6841793f,4,249,996,"[8067, 5784, 2493, 7208]"
0xB56529e204355368502fC79633Ea785710B5240F,4,249,996,"[2215, 624, 1856, 6040]"
0xE9dF456F5319D9114872A625D2dF8604bD6DEF10,4,249,996,"[8636, 6319, 4854, 4206]"
0x83BFcD1CA378aA69A46b3d001905cCdafFA89dF4,4,249,996,"[2544, 3763, 6706, 3297]"
0x92CE9f650e9111B8464309A026FE68FcacB4EbC4,4,249,996,"[6687, 3095, 1402, 4507]"
0xCF675A58ee5E5b94e2A2648A6B22627b91009fDC,4,249,996,"[6620, 3049, 1037, 5811]"
0xc7b495Bf6C4DCa91eFbC8A70b2BF6a23844Dad17,4,249,996,"[817, 2387, 5312, 2972]"
0x9a9c18E0DeAe5aE3b4928F8f0efEFfd490C6De85,4,249,996,"[5228, 4145, 7598, 6418]"
0xf468bf71011e692D68622551fFdfD5063840a841,4,249,996,"[2474, 3640, 6316, 7352]"
0x45632e842671c0c8A4769DC7c110aD97D9538AA1,4,249,996,"[2120, 2903, 7251, 2810]"
0x88B9Ef6aaeCF77cF6F09b872a60387F931106d9d,4,249,996,"[1171, 1943, 4212, 3193]"
0x6Ca5f52c848C2DaD7e57e138bDfB2bb359Db6038,4,249,996,"[6881, 2753, 4594, 8579]"
0xFea986a5a6eb0D35744b2087d54eD466ed63Ff44,4,249,996,"[5820, 8823, 4850, 944]"
0x2a6606F53C58c377F141c6BA047C48577a3696F0,4,249,996,"[7985, 5753, 1044, 4006]"
0x6081C9FF62025C2D9bC29e91EbEcCFdd1a8Aea1c,3,299,897,"[1969, 1710, 8330]"
0x5E2202f0A10A771806d105C5b5eF7ce396315017,3,299,897,"[794, 8309, 7846]"
0xd57a2B712e644C3EeB6555D2390E9B6b1201FBC3,3,299,897,"[6092, 6605, 8321]"
0x21D23A29493F3e752a7f78324Bc2DBa6716aC07d,3,299,897,"[6807, 3921, 1889]"
0x4a4baaBcAd08F3D82c77d1cCf81532B6ab672D4E,3,299,897,"[621, 1778, 5475]"
0xD44e4B3e92b4EBdA4A3be0330e698Fb3ca54DC46,3,299,897,"[2444, 2453, 5412]"
0xDcf85862F287F1fCc2b37dD19bDDB2350D639D01,3,299,897,"[3375, 1407, 8079]"
0xdD96A672919dE280De5328D494b945C836ad82BD,3,299,897,"[3558, 3317, 2839]"
0xfa1cBDf1A7D26A68B0Ba67d410cB718B0Ab7DfB7,3,299,897,"[6555, 823, 3202]"
0x12a42c367f148c1D2172cd978293FD20CDF45A8c,3,299,897,"[7836, 2408, 4406]"
0xB4c064cCdff2B8962C0259f2baB1360274dDE102,3,299,897,"[1458, 354, 6794]"
0x98a0124F088A444BfE83B867d0E9C8380065Edaa,3,299,897,"[6408, 2007, 5971]"
0xfb15e62ED01A61B616315ee753544897980f614a,3,299,897,"[4179, 8134, 7453]"
0x23368Ae4901B013bE7e3D4d8d2B09EEC3b94aB73,3,299,897,"[6425, 1933, 1332]"
0xEd2C8d6a72e357F54FB3aEB02B257D04500869a3,3,299,897,"[7322, 5777, 768]"
0xA2d270c5541A06B03690Deaf227aBb65808b098C,3,299,897,"[2266, 2230, 2535]"
0xa02A4A79d1ca83cCcdae200BA3d499DA433FD304,3,299,897,"[5729, 2843, 5135]"
0xA2901c3A52eA010C19c5479A1869081bA2154AE7,3,299,897,"[4506, 1881, 5483]"
0xeF8402B90E6f3BAE1Dd177d251Ab08894EdBD127,3,299,897,"[1563, 8686, 8536]"
0x8B61FefbB71EA038E0355922E349c1Ca44f7464D,3,299,897,"[6272, 4088, 4722]"
0x1551068c29B111D0247d40EB9476ca134B74C561,3,299,897,"[1949, 8708, 7207]"
0x2FA3F2E879c75f79fBb8E93e4C4FEC11f0e21Cd9,3,282.33,847,"[2990, 1785, 8442]"
0xa90A1592CC6122AC8eE6aD3369F12DfEBd1Bb1fc,3,282.33,847,"[1598, 8423, 5068]"
0x48B7fb839B67C2c6ee19e8F8cD8E24f53f2b2e3F,3,282.33,847,"[995, 2159, 4061]"
0x426BF5BAF042Faf30903d262298Ad3E36E8B8C32,3,265.67,797,"[2663, 4837, 660]"
0xb1736728d68E6B07D6df8B4F7333c4864c39EC31,3,265.67,797,"[770, 3499, 5464]"
0x4D0DBD092b0c5D343ce7961cd607495eC44Ab11D,3,249,747,"[1831, 1963, 2823]"
0x58F5C3d5f4f96265c83403f4915A820a3dC6003d,3,249,747,"[5734, 4883, 2830]"
0xcA26cEeCD1D301A28e3A40Ae81D14df3e57551Da,3,249,747,"[145, 295, 2981]"
0x1BBc3C2E674C26264C08Bbd8a7911C404d4E3aFB,3,249,747,"[5026, 3268, 1859]"
0x393d979839833793831B17481A6e874F388f71df,3,249,747,"[3730, 2241, 1228]"
0xe7E732803Dc2241F83b5f43460bbAFdcB876Bbc5,3,249,747,"[6364, 2095, 717]"
0x1C58A878A706Ed88317FD0900EF9DECd6e3476F9,3,249,747,"[8198, 8853, 4171]"
0x15E12eA3d301Feb5dC9007a2AD472Cf3B25265Ad,3,249,747,"[6470, 5994, 1994]"
0x22998b62b5C2043D122cf5f6B455CA6EE24CB57B,3,249,747,"[4830, 3500, 5547]"
0xe6667Cd33E1FD1B22A6aEeb69aad4DE2ae05FBda,3,249,747,"[8379, 8191, 4176]"
0x7BfD03c3066E16CDA6f178DF697996B648419846,3,249,747,"[3928, 4141, 7280]"
0xb9968c3c992467d1B5f90f3a583047F0aA82F269,3,249,747,"[2645, 700, 5954]"
0x9B09080f0429e5BceA059407f4eC04EbA1C5807E,3,249,747,"[1008, 3263, 8747]"
0x92da0ea1131E0cc301358beEfAbbAEA1231AaFad,3,249,747,"[5945, 5760, 2812]"
0x753b7333b65C922ec99C2711C8A22eeD88518D40,3,249,747,"[5444, 7744, 5678]"
0xdE479689C6FBAa906777a7524bC8BDC18E86A51C,3,249,747,"[8225, 3666, 8101]"
0xD03F303540D925E94817984C2AF2BfE5644B8EFf,3,249,747,"[6936, 625, 6708]"
0x73FAaF27558ec4BC60B5D996d879092d947dd913,3,249,747,"[6100, 5756, 8224]"
0x44d21A587Ea0Ddb4b14A4ae9558d263bDd46E008,3,249,747,"[2330, 7072, 267]"
0x34D420B465705bd0e82e733e2E0e0C9E9434349c,3,249,747,"[7564, 1281, 3608]"
0x8faf2E7c0530d845DF1C5cC30ea00f2A8648057a,3,249,747,"[7940, 4222, 3553]"
0xF380E7DeF01039A12ACa91F02A8bF7b7824e9936,3,249,747,"[1457, 8764, 1934]"
0xD3c57F5c07f82904a45e761FCB86dD8F9CD10672,3,249,747,"[4522, 5979, 6821]"
0x3b1c43466ADC8490dd98a84f53491c701675ebE2,3,249,747,"[322, 6496, 6151]"
0x69eD0Be8Ee945070180Be70A9d4b6853658376bD,3,249,747,"[5966, 2795, 5638]"
0xBF22252F4c0e147841Ec5110cD037c44d64cd001,3,249,747,"[773, 7389, 4909]"
0x8bECD171559CBc23a72Faf54dFE95B5D58C5Ca27,3,249,747,"[2286, 1287, 6235]"
0x497D75CB1935AF33CFa17Bb354d2Ce3D63AA3796,3,249,747,"[4160, 5633, 3183]"
0x011945D4188C256195EF514A7B1aa2D1E35E6882,3,249,747,"[7772, 2180, 3159]"
0x0126c6d5Aac8EC868317c3CD666c0bad60Ca6dB7,3,249,747,"[1769, 3579, 6699]"
0x445053BB58F4668b510c18f0d6C850E7E2680720,3,249,747,"[6862, 7119, 4629]"
0x17E025525e445638787F6230C4aF6d2D84d137Cb,3,249,747,"[7733, 2211, 669]"
0x758E963038233BE40fa3ef5DC07d36ea6047b873,3,249,747,"[6912, 8279, 8612]"
0x29f6b6023a0FD0FCE47CdfE188F60f3bF61D58a0,3,249,747,"[4445, 7170, 542]"
0x6Bf4D9ec89CA204d2f9C5575E5c4E23ad9dA8b5B,3,249,747,"[8504, 6015, 5832]"
0x32C64355d269e28AE9f6519F0810B80af8e29562,3,249,747,"[3247, 6669, 7590]"
0xF1265a2E1daaAf0F23d5F3290d27Dd383c28136A,3,249,747,"[1096, 4435, 1941]"
0x2676aAA3b955875d86CBF0ca7224C2cEf7c3cC0c,3,249,747,"[1232, 4647, 4601]"
0xC1e4870dfe6BEcf40CB9f68D87Ac272E3A83D686,3,249,747,"[1723, 1659, 1379]"
0x68cddb91CfB2575b31DbB51d2c9817D80dEfF2Aa,3,249,747,"[1178, 6581, 658]"
0xE1EBDbe2F6c20bFf0d5BE11Ff7B72Ca35669edC3,3,249,747,"[8003, 4161, 617]"
0xbe96cb8a2d35ba76e61Da82a8D33cD17cccF58eB,3,249,747,"[7774, 5649, 2849]"
0x909AA3b9A4E2E3B2064fb06CBb3eB2e4bfc857be,3,249,747,"[3924, 3514, 1322]"
0xE99b158C09323Dc3842fe7025866A0Db081cDcb2,3,249,747,"[1094, 578, 6865]"
0x04e5007Bfd1eCc4719cbA598fBC5a13d295AF157,3,249,747,"[6951, 8375, 5366]"
0x6C87703140cF2931A084B6adA8E1219fe50cdc81,3,249,747,"[5764, 142, 3597]"
0xA460e509C7B6CF769E46ff97F42FfAb6fbc0316b,3,249,747,"[5310, 2750, 1629]"
0x53d608033a44189DCB2DF73400AB5542Cef9ba0f,3,249,747,"[7356, 1878, 678]"
0xda28662E37f97F1aa0c8319AfCA772A1823d9A3c,3,249,747,"[6857, 5935, 2775]"
0x4D65F111D713F7A617064B4Cf2Db4c1Bc51F509d,3,249,747,"[7220, 1375, 1101]"
0x5D3F8551Fc924A9004483871a442956690Dc9c0a,3,249,747,"[2563, 4557, 1757]"
0xB5FbD7800A48d519acaeC6717Cc9648E8A502c5c,3,249,747,"[6131, 2745, 5576]"
0x32D3ec4B437AC3C371e2e9071f3ec78d971df49e,3,249,747,"[8282, 416, 2261]"
0x10515907311BEc297aCbC0bAc5f99b378C4b7000,3,249,747,"[5540, 1073, 7201]"
0x0584600b13d1A9cce73AA480baaBDebE5D473EE3,3,249,747,"[7934, 8843, 402]"
0x46cFd5a53B4E65907c736242af3523a12e4220F4,3,249,747,"[8037, 6816, 8201]"
0xcCe5D0301e670a70A700644C8316a8C7115a93BB,3,249,747,"[3732, 3016, 8012]"
0xD0CC007228bA986a99A651CA32CF15f9b8f743FB,3,249,747,"[5490, 5755, 491]"
0x641bC0EB40C4090e8d2a08bD121719481D9De8E8,3,249,747,"[150, 1550, 2926]"
0x7C4e2118E3bcaE8631920fa53e31c86f5ac9c0E1,3,249,747,"[597, 3804, 3881]"
0xA45B3AAb82654A29bCC12c476fdfB1095B24c5F6,3,249,747,"[2523, 1803, 918]"
0x8DaEf607d9f4DBa89E696176F02fa093C5b83DB6,3,249,747,"[4117, 305, 8687]"
0xF91C6c0466bA3d9E8F59E1A42590564E29f39B53,3,249,747,"[4027, 8825, 6701]"
0xa37856be01a182Fe732DCfCC612A45419B4daa34,3,249,747,"[6604, 4486, 8749]"
0xf9D5205F577A504D53bF3F3AFc3c9eC05bCB341B,3,249,747,"[1530, 3395, 382]"
0xd4D8274E26bD0f882d2Ec4309a7195e71C39deeE,3,249,747,"[8851, 8439, 5691]"
0x66fBCdf772143F80Ff55FD51B2172d61A04c972C,3,249,747,"[7782, 2670, 5414]"
0x3861525aA9b505419d3a7c38E4E620E4C709Fb42,3,249,747,"[8542, 1890, 492]"
0x4c927bd774CD6A7575C0F29e9Fbe499270D3EA49,3,249,747,"[5380, 778, 1240]"
0x17Ee5beb7920777E84C0651Bc7685d80AaA1AF2E,3,249,747,"[8523, 820, 3536]"
0x9EFF2641cb6F268e634E7f689D23CbA2EA847B57,3,249,747,"[694, 8746, 6070]"
0x41ef7a9dEB2CFd64ddcf7F7636c6FEEf33eAe0AC,3,249,747,"[2378, 5712, 8062]"
0x3659Eee4a15E303a5279B47745ce340a0f76aad2,3,249,747,"[6326, 1932, 8416]"
0xf5611894F298be51014f4a0Ab1fbEf8a91F9C8b9,3,249,747,"[4198, 1146, 1180]"
0x1045E6642425953dA6A53Af363E0dA2A5F4f1F9D,3,249,747,"[7688, 355, 4972]"
0x3bB99b043781Cbc1e5AcE07B7b6F9A0Ca7725a13,3,249,747,"[5889, 8750, 5937]"
0x4B9BF9EFa34E4Bb0ADee653b7b387Ea791fFA7d3,3,249,747,"[4142, 4877, 5148]"
0x50f15a31f5d1c8d8BA88fAaEcb87E73b55Fc729a,3,249,747,"[6811, 4714, 4548]"
0xf25134c10DD34B1C70a06D5A8f6E3BF792CA93e4,3,249,747,"[6880, 2415, 706]"
0xB2c9AA23FE7B53719Dcef44ABFb8d30E280c68F3,3,249,747,"[2105, 1868, 5501]"
0x6EDF872A04ACCaDa9e261661d3291436D50Bfe3D,3,249,747,"[1158, 5528, 3748]"
0x0177e8e011C740E7200Ee643e3A6769006f5b629,3,249,747,"[1631, 8784, 5091]"
0x6e97812Fc376860089DE66Eb54c7B51948831355,3,249,747,"[1728, 1083, 5758]"
0x4535AE9FB03090B65Bca3e27F4B5de2Fc3F5B11c,3,249,747,"[2793, 7869, 8804]"
0x24A844b7A9a514002D14442cbeC50D383B3518e0,3,249,747,"[3308, 6554, 1909]"
0x2Fa13e2beCC66bF664ad568A49D4EbCb52091191,3,249,747,"[239, 5220, 8600]"
0xEbFE70398f8Bc151d405E39bC5fE9eD51869597f,3,249,747,"[1681, 3566, 8144]"
0xd93F65A4171e83B9d15f5f28ee3ffD5bf5144eBC,3,249,747,"[1622, 7303, 2356]"
0x36351A45eEB9AE0C332fe5378ae179a7B6FbE7b9,3,249,747,"[5267, 1508, 8232]"
0x7e3Ed8E95b7b14dDe93113F0530f591e161F4a65,3,249,747,"[3101, 8537, 6294]"
0x3c20C7e5Cd65489AD43D6dF5551E32E1F7B61cc0,3,249,747,"[6772, 1056, 6440]"
0xB87096e92C31b09B44AB7bAd12D75dbbC4f977DE,3,249,747,"[7722, 5775, 6355]"
0xc636713B7000a46cc33707141052A925BE81674e,3,249,747,"[282, 5295, 8603]"
0x13d33Ae74EB85FB2DA79b84E36dD26A34fB37612,3,249,747,"[1000, 553, 8525]"
0x760b3a028351c789364F7676059A3CF5452f127a,3,249,747,"[4780, 3823, 2109]"
0xBD88C5C5F40eFd5557E4968BeD7ad10cD7F33749,3,249,747,"[1667, 4585, 8169]"
0x80e8f5A6460987812d2273f38aD375380C35915e,3,249,747,"[3842, 5947, 3883]"
0xD75160dC47edf0De8114d7b8c1E744fC93d77803,3,249,747,"[5377, 7874, 7315]"
0xe7A85DF9c54D543cAe0e95e54a72C59e0B3bB2ce,3,249,747,"[4606, 7450, 8073]"
0x337B0FaE90E53d813Fcd530b6Aeb787A86A83E07,3,249,747,"[5844, 3826, 2858]"
0x7708C60cc22F13BC73A4Cb748bC6802D8dCEf9DE,3,249,747,"[8131, 3351, 8324]"
0x2A50aD811386E092e37BaDCC324c0251BfBAFc7F,3,249,747,"[5102, 8027, 4992]"
0x90324cAE2647F24Dc017212dfE9A3d16df612cC2,3,249,747,"[5953, 6503, 3393]"
0x596839EA3fC5bC0Cb8781F9344cd7ba7A15f08a0,3,249,747,"[4049, 3440, 5191]"
0xa257263e2f79b4c5F9641257387193e5E43ebca9,3,249,747,"[5992, 2186, 7359]"
0xFCc6DfF1be2745646D9b6422C24b0efE1d30CB4B,3,249,747,"[5705, 7046, 1070]"
0x6D424cd4EA7F54eb0b21f34844eF820EfA091b09,3,249,747,"[7212, 5293, 7401]"
0x971F312729066c8B72a022E2676452dC09Cb2CED,3,249,747,"[8157, 2632, 7195]"
0xAC15cfc80f5340d578D4eCc7Ac0A8795e149c1Ba,3,249,747,"[908, 1811, 2379]"
0x81714acc7307aa56dcd6950c5600b60B3a95AbAb,3,249,747,"[5622, 5400, 5852]"
0xFCD82753223F686a30c65aB5c3254b6a43D9D602,3,249,747,"[1833, 2815, 3722]"
0x7bfA8956C84F7534B0305299D0C2FB07Dd8D24B7,3,249,747,"[6941, 7885, 8340]"
0x4eC04E70414F80839335261A0AdDca488b3b0aA0,3,249,747,"[7906, 6187, 4239]"
0x10654b636FFD7Df073A11994D4F611D113ECB3f5,3,249,747,"[4608, 4563, 640]"
0x659f1dD1A161087153b939394288F3FBfDe2862E,3,249,747,"[6980, 5223, 7368]"
0x8Cd810258e123B92Ef34be170aA9CEe617DEd2A2,3,249,747,"[5258, 3786, 7255]"
0x85e847ce84c4c59f09290A0350221AD9C5Fdf64A,3,249,747,"[3219, 2925, 2613]"
0x762805f15C065a036d5b8E2dd0182b1a7aF976dc,3,249,747,"[5606, 7638, 2864]"
0xC700F2e575347E991d825E3E584e3c930E8a44Bc,3,249,747,"[1716, 5900, 5098]"
0xE5671164F07Cc4912BFB580f61007E5BE70EDCCd,3,249,747,"[236, 8091, 224]"
0x61dbFeF7b4E13841ac0917403F712aae3Ae31b12,3,249,747,"[5976, 1535, 4103]"
0xf81Eb74e1A15F632b302de103A330b0a877036D0,3,249,747,"[2021, 3792, 8132]"
0x01218162519C09c60B3baff7B02f789E3Bd79CeE,3,249,747,"[928, 135, 6372]"
0x30e3B66cd947c72c3d347630d5deFe89CF155A63,3,249,747,"[5448, 3764, 332]"
0x5c5ddE2edf2a1e0a659b3f3418154676EA8d6B18,3,249,747,"[7943, 3892, 7982]"
0x3DAabf9275fE12f5f7C56EFF465C2c81589943Eb,6,249,1494,"[5706, 4432, 7603, 5834, 5172, 7819]"
0xf9eb2640946254A56dd6097C807bFA03C9B68E48,3,249,747,"[3583, 3972, 8219]"
0x9fF6789a494f6C44cB38C87d1d8997fF98B5ED5e,3,249,747,"[6878, 8055, 4867]"
0x039039956cC0a12813A2acd7ED1059F6131D8E27,3,249,747,"[4369, 4615, 5164]"
0x6610a145F6F12C27187986CA0E80Df4890A38C19,3,249,747,"[1484, 4123, 7029]"
0x2Bf69AA570461676D11815590f2C2b67cCaCe61A,3,249,747,"[2584, 4254, 3569]"
0x8a6e43f837883044E1149D95dc5cc5Eb72333b81,3,249,747,"[5333, 5698, 801]"
0xb84aa3f86180b59c28b452f6800Ae7C575Ec9A41,3,249,747,"[6885, 2416, 1124]"
0x685371F19108421Bb4c2E0157bd856076CE178a2,3,249,747,"[4646, 3580, 2336]"
0x2AD85312626F087b958551Df43aeffd8684ba19E,3,249,747,"[3837, 8720, 4564]"
0xD9aE9c37B3ec30486996f86ED7052C62C9dC6eA8,3,249,747,"[5536, 5195, 7695]"
0xf6085a9943198479D001E0477967b29f4dD94280,3,249,747,"[6454, 8743, 745]"
0xC934719E9D52872e2919AD7e6e696828c4BCd959,3,249,747,"[6465, 2271, 7736]"
0x143d7bc3CDEFefC52F6Ff6a191c400Db50b945b7,3,249,747,"[5626, 5957, 2898]"
0x77E23a90F9d38360275f1A2E53BB81ABae3f0d76,3,249,747,"[2232, 975, 7050]"
0xAd65340416De048374bC6F7366344D0Bc7f8F2C3,3,249,747,"[8008, 8775, 2454]"
0xF347dA69Cc8134556B23A01178a048918a37D584,3,249,747,"[8754, 6012, 5218]"
0xfd34b0c51B4D757b5951CF7ee9e3a5985606c2a8,3,249,747,"[3121, 6947, 3625]"
0x6271950D144443562AC6ac1164e9e9aF103fA6f9,2,299,598,"[1452, 8385]"
0xCC3cDbB4B56239a89F509EAa507a39CA0f7d74B9,2,299,598,"[5878, 1577]"
0xda1588F9cD46DC944C719F6B36FB4F2c3EbaeABC,2,299,598,"[3022, 2164]"
0xaBBAD3700d96997c1F13a19Cd0b4cEF60f559600,2,299,598,"[3077, 2565]"
0x532C600060528f385De7C1b8aFc0Df669FDf650D,2,299,598,"[4934, 6302]"
0x674501113c491B3A573425D224b555E47EC7eFB0,2,299,598,"[2463, 1221]"
0xd60e3a11d23D52353Cf48eb328e7853679b7B746,2,299,598,"[4899, 5184]"
0x3d6E2E430bB02B24E542f082f63B09b520eAe7b2,2,299,598,"[4125, 824]"
0xb70877A2391eFc8257514Dcc9bFA22aEcFCB9776,2,299,598,"[6812, 7928]"
0x3F2acA195E944a72732491b338C0c6b7D49d2392,2,299,598,"[2327, 3231]"
0xc4C52dC841fAE8B44759BAB72C7a36a9E6554cC9,2,299,598,"[1860, 6076]"
0x23B6676274Ae200C1E2202a420CbF534D21C8BA9,2,299,598,"[4603, 3270]"
0xc1F28E6B10Ffd8332d0FA830C2f1C5FbfBaA1296,2,299,598,"[513, 1773]"
0x24378Fc41BEE0E0755Ab0e261b83ccb384668cC2,2,299,598,"[4250, 6468]"
0x1A6e64a7ceE8987D14F678456162619390D64a95,2,274,548,"[2042, 810]"
0x3715531f505C1aD387868b2379A246403567B043,2,249,498,"[580, 8220]"
0xE07355a6aa9B91a29eE66Ed939dECeecd7c238e3,2,249,498,"[3134, 5702]"
0xA683e6AeB92fE3Fba68DB0f8dDD9028e77276e0e,2,249,498,"[8383, 800]"
0xd602edB6896cFa789127aeDac5073065BA397527,2,249,498,"[3519, 2340]"
0xCddEa4CF5f19390f673b47db62dCF8A0A292FF84,2,249,498,"[5421, 2337]"
0x21dCC181a797B3d5aE98EFA9d8079D040Fc3f169,2,249,498,"[7238, 5580]"
0x1339d350148Fc32725d7050aeC648A7f41da82BE,2,249,498,"[6042, 3253]"
0xbA2119937a685cEE9F0eE59B779f3C0b83808159,2,249,498,"[3073, 8770]"
0x6c9F9489A7705bd90658d3Ed99ccbf37BE450Af8,2,249,498,"[5932, 2303]"
0xCF67A7edC336a16f5c9cF064AA89E8d0748e6485,2,249,498,"[2914, 4624]"
0xeb8018E38E5Ecf186D8C0611b1c35F667f03DC35,2,249,498,"[8513, 107]"
0xFaD29d4689ad0A38E868D376B49B6196b465f965,2,249,498,"[3478, 7974]"
0xD4049769e35be1967A36C487Ef2b19A48eEB66C8,2,249,498,"[3230, 6889]"
0x9b7b570C08f767e179808E1F5E6e67BAa49CB252,2,249,498,"[8159, 7662]"
0x1707E251C00928BA91DB6A87B8EcBBCf2Ec617e6,2,249,498,"[4578, 3685]"
0x1d956f488A3C2B2bD3459f23E55A66C849c16584,2,249,498,"[3211, 4256]"
0x64E230C5eAC11a185839A79Ed116c542140603C3,2,249,498,"[5867, 374]"
0x90dcBF1FA468F6720c3227a0D86E839bb824a8ed,2,249,498,"[8373, 5423]"
0xd70800B3c904291d258e659afcc9a4A8C2660633,2,249,498,"[3380, 8756]"
0xC854b0Ad3b383ccF53c11C2F4efeDd9c5a650DfD,2,249,498,"[7929, 4315]"
0x062F95282A797c49F0994699c2c96AE566293e0C,2,249,498,"[894, 3849]"
0x85dac56352eF535EA9bD9Ce8e59F673DD921E777,2,249,498,"[6212, 4649]"
0x51828Eb05D12A2C71Cb82eaB59ca0BC33ccd2E81,2,249,498,"[3676, 2092]"
0xEB0a85184F23D325593a5dF0DB3b82E823b52ff3,2,249,498,"[3779, 412]"
0x2277D2967454CafE917d355aF50930B9e4aC4b66,2,249,498,"[1467, 7421]"
0xcb366C9E442c1717Ea7904e0b5DdC45E2A45FA6d,2,249,498,"[301, 4939]"
0x03f60667b922Ca64f68034FB5819E84aAeD5D6B7,3,249,747,"[7793, 5356, 1540]"
0x5892a611691Cc9e8fAFf1f1B6fBD29CF16A5f6EF,2,249,498,"[3491, 6243]"
0x8dA35A527Bc8B60345D907C48eB35045679C7F0b,2,249,498,"[3368, 1050]"
0xf1dAfb4B3aBB5986e9A4DaFEAe1C70ada3055E76,2,249,498,"[4723, 399]"
0x89DAa25502E78067EE7e05d2c0a4b9399c6698B2,2,249,498,"[375, 8787]"
0x7C09aE96e179F3fb89B105c1B567c40C50F3ad58,2,249,498,"[7008, 4453]"
0x442e07dAfe7A5b0B55dC364582A0A3419d834e6E,2,249,498,"[4226, 3156]"
0x5496f5795f8e8Fd1eAE02d25CBB56dDf6302A664,2,249,498,"[4794, 8832]"
0xb1aD5DB955E6f921b6b41e36FF44c34a0cB7d36f,2,249,498,"[8043, 1755]"
0xC8b901C52AAAd0e24395510dF3F089003c371a82,2,249,498,"[2305, 1272]"
0xB7B867C050c2E9750E7c82c4d5e6519a1ABEC378,2,249,498,"[3301, 6374]"
0x7117EeF0D46F88712b6f08DE9f591C8280F00b21,2,249,498,"[3510, 2953]"
0xaf7847764C26C55150Df88122F8B25F9f3fE2Ea7,2,249,498,"[6321, 5933]"
0xa5edcC2F39f8961FBf13cA7Fbbddf4182882039B,2,249,498,"[104, 4637]"
0xD613B3e4B44990A088862691ff017730601ab9f4,2,249,498,"[7183, 5529]"
0xB1E76c5061075c8a59c59724E76f957437D7E02b,2,249,498,"[585, 7006]"
0x53C4bDf99890D71B6AD8A00f343F408E10dc7a16,2,249,498,"[3170, 255]"
0x45F92786b61CC96534f8af76112948397e2ED00e,2,249,498,"[2509, 4618]"
0x7a6Ab5003114E9FA51393EAb080975bDa5104AEF,2,249,498,"[7958, 7655]"
0x59547Bf4F7803A4d14ef1F28FbA7d464e884DC9c,2,249,498,"[1724, 2339]"
0x63dd6713616C5eD7F5adC98d9979a330637785bd,2,249,498,"[2947, 1384]"
0x24d81cdf3043E7d4c45cd3056A183eC4f78A6ec6,2,249,498,"[1051, 746]"
0x1F738d5E9db9fBFdbE6942F62B938A9D79Ee661d,2,249,498,"[4247, 2154]"
0xEe58787c9f02fC4B424A84F3F20498D123Fe9Cc3,2,249,498,"[3667, 4692]"
0xD0ba84849D551794041836e95283a2556E5343f1,2,249,498,"[3373, 8634]"
0xd4b791a6a04713d25968a777C1190ef5897ae350,2,249,498,"[6023, 1282]"
0x6AE8b30733De59b1eF6e940876a09Bf3902D0c16,2,249,498,"[2355, 7680]"
0x0800833a3706db6fBbD846d5d1b9370a79Af8097,2,249,498,"[749, 353]"
0xA7C102523c86535fD989AB82a5d2E04163DB0178,2,249,498,"[2471, 5324]"
0x2B5e6f9D8c4F5409D6a2513b1C1DAB8F0637F6e4,2,249,498,"[435, 474]"
0x0a95CB0CbD0C1d01Eae8eeaee5CbCc26CC8fDcb5,2,249,498,"[4081, 3091]"
0xECd4e80824eD039e82bbCAb0CDa7781a6075ADAB,2,249,498,"[8316, 3751]"
0x2365c4aDcE759A9399568FE9402668c3DE5cb22d,2,249,498,"[6856, 6108]"
0xcBA808A6830B36b06109f2d4E27838C847EEf71f,2,249,498,"[3577, 5861]"
0xa1A0c9B5f52fcFC3F6887E31F9f1bF4E1118Af0b,2,249,498,"[1580, 4479]"
0xeF2B2911c72a30DB049cb233712Dc3ba6FD14aE0,2,249,498,"[7107, 5796]"
0xeD8F960D1B0E664CBd2CbEB0e2648ABFdB90cE29,2,249,498,"[3946, 6971]"
0x80077707883d0e7C5AEE57B4956ACbaE4cba807A,2,249,498,"[1394, 7478]"
0x05704caa4E9411592bDAb0a70EEbf3E7Fe9DD037,2,249,498,"[7718, 4987]"
0xB09C3Eaf4d6946788Ab674c69516f85e6C2CA0E8,2,249,498,"[3596, 6342]"
0x71a1E4135887f9b5Af1C04dFee4c8215bADA2a4a,2,249,498,"[5021, 8629]"
0xd245E1f427f333c4d8AF8132df6d15C01F50d3F1,2,249,498,"[1656, 1403]"
0x36E7B903cc18F0513963E145df49A2E7Ac278D53,2,249,498,"[779, 969]"
0xDE0872B25Ec554FC3610E9Ef51F33ca8732cD001,2,249,498,"[5736, 6523]"
0xfb51c93ea2b0CFb84f2986C4DcB3Fb1d89883498,2,249,498,"[4164, 2512]"
0x4324Cb6033DC536FF3D5e80be84E59940eBfEBbb,2,249,498,"[3582, 5397]"
0xd125eDA1eB2fa6f3AC0F6f27682EfacFc4008219,2,249,498,"[417, 7172]"
0xC19ba2fFD3fBe3Ac7c227499f557Fe4FaE191D97,2,249,498,"[5374, 1020]"
0x95c9108D90458da2853f8863b6D83Aa1270E1CB4,2,249,498,"[7887, 7894]"
0xB6b614ba8f1dA6B4b56f98BC6CcD5378B37aEDE4,2,249,498,"[6961, 5439]"
0xb5101504C2ea425703ad227fEac4EB86070400fd,2,249,498,"[3548, 7233]"
0x989F843d8dcDE438FFB7e51EF1b5263407a3AF33,2,249,498,"[2332, 3289]"
0xa4045Fa717e2BB1546637A2A46Fff6960F67E578,2,249,498,"[804, 1227]"
0x08Db40e6A6F4230376E03E8AF8bEBEedfCE7E72d,2,249,498,"[7267, 6618]"
0x3b682Dea5eAFf348843Fe9ca4d08cDBFd690c738,2,249,498,"[381, 5237]"
0xc887D3AFC9fc9CF7d8d16Da7ec80E0eb879511D5,2,249,498,"[6770, 8868]"
0x8ddFc865B090E43b250c7Aa4bEE7b273966fe5c2,2,249,498,"[1475, 8627]"
0x0d6541da4564dC6D70b8d47e83F7C4df04e9D2a8,2,249,498,"[5728, 3127]"
0x5629b1272D9c8a0e57efD8D737497f4415Ede9d4,2,249,498,"[7009, 7635]"
0x6D5d0dfDB114B5c5a30a089Cb853B49b1EE8e6F0,2,249,498,"[2851, 5611]"
0x882397DfBAceC3E39710691Fdf3d1e295A49da61,2,249,498,"[5601, 932]"
0x4f965d882Fba40B5f211dab3F8445242b85dcB50,2,249,498,"[3701, 7669]"
0x0cD398d9A57ec078AE99FF8F344bb91ef44F712C,2,249,498,"[5283, 7038]"
0x6d7996b386793EdfBBeA671aCeDA47A927cc3471,2,249,498,"[7205, 7604]"
0x61c4B8C35582DA4A2D6e2D0Bc9C25dD42766b422,2,249,498,"[8794, 8334]"
0xAc861624fe38AB8C8bE7284835C0ED3752cCdbb9,2,249,498,"[5248, 753]"
0xE92ae06cdca3624572E088dB3d2cf9B16a46ea7F,2,249,498,"[4439, 3909]"
0x41116cFb9378d0Aa1f1e8Dd6619B691c0BA8710E,2,249,498,"[1160, 6024]"
0x2d041ce95347453e2b11D4E2473b966e2Dcb8D60,2,249,498,"[3074, 148]"
0x2169263E3d148e6DF8cd05837605b125ff8D0710,2,249,498,"[1927, 4951]"
0x8Cc5c4e70404181e88F92499973320Cb539229d7,2,249,498,"[4419, 8275]"
0x24B48734B33D9c413792f8930CbD2B7cF7F4619b,2,249,498,"[4433, 1698]"
0x306910c82c740EFd1607252eB8A041e80478f0F6,2,249,498,"[4767, 1873]"
0x2134F1d514124933564aAE37CbD4CDFbA7d4400D,2,249,498,"[728, 6576]"
0xB929eF39aF0C4e0cD7c5c8fBAaD613aAc9867167,2,249,498,"[7592, 6455]"
0xb5Ec68F67f39335886C7995Bd3f9ca7F1958F505,2,249,498,"[8319, 8623]"
0xb9a5E6E08eCbB0DdDD198F17d83657979f553949,2,249,498,"[7628, 7209]"
0x5dDD901c860C6665aAc15B5A782DE63298dCa190,2,249,498,"[8139, 3315]"
0xE77cAfC3F81dd24C96386f04e6Ff2A5a75Ae4112,2,249,498,"[8214, 5941]"
0xDBa16dc2373A40dB4d9A228C0083FC01ca5FEdB5,2,249,498,"[7443, 8163]"
0x12DB84E5e78dca0f44B2BFABCfC0031E6ea3675f,2,249,498,"[4203, 6037]"
0x6d7EC627DC8167ccb4Fcc410E01A2C6C1B9d29F8,2,249,498,"[1256, 6835]"
0x3b8F21F3444c52dCCeAE176B7c45CABEBF64dA6c,2,249,498,"[297, 7419]"
0x1dfF108d926C0a4bBFE6D7004060d41c68f31b85,2,249,498,"[8360, 466]"
0x994C7dFf6dA41110c2f037AB0dFd806D8EBb056C,2,249,498,"[5083, 8744]"
0x6a6d058d91ddc2117b1244E63b43F82a87206e74,2,249,498,"[1940, 6582]"
0x0f80c9e371155B8A395Fb4688C9d02D9564dBf0c,2,249,498,"[4975, 941]"
0xDF2d4c07841f0F7ee839886C601Fa12E78a78D17,2,249,498,"[8436, 1648]"
0x5FcD785DcE2055410F828B7fA109Db5223e80212,2,249,498,"[6755, 5094]"
0xe7833204aBd7E9cdDe4FE1b6bC5ca71FBdFA8b22,2,249,498,"[1827, 3070]"
0x4402F4D7cdFf85Ee9DaCA2CbbE3E98a155121c02,2,249,498,"[4459, 4025]"
0x6b730ea5e6B3DDE2f826b9eB7438bc9c571c52b4,1,299,299,[191]
0x37DCE7D83110F8D53432Ab1fdFA76569Dc805fd1,1,299,299,[2676]
0xAde3Dc5226FF7e18242e973a59d76715a5Ac16c8,1,299,299,[4185]
0xf96A8cA27Fc5b2032781B8D944e048058E552B89,1,299,299,[4355]
0xA4cE97D59e2Ec07E6B1b352446c136CD72a42732,1,299,299,[7601]
0xA4E445a9167EFAAD8E6640Fb396999A4aE5EA0c8,1,299,299,[1838]
0xD9B7296Ad3F297F1F81cec7f1110347a03545014,1,299,299,[1825]
0xbE35db88681d86ABC106a1B461f33fF01c30C619,1,299,299,[1418]
0xDdD1143083f898Ca1072481Fb3777Ec861Ba9D4f,1,299,299,[650]
0x00780451956b9dabc305F1Cabf992505383CB6b1,1,299,299,[6771]
0xb7cFcf4AF91D99285361e3D2B8894Dc9E7F6e760,1,299,299,[5774]
0xd8656e45Af706BF444885f8460F4B4CF073D8a2f,1,299,299,[202]
0x8a3f783e751a28eD856b215826211006FF5F35B6,1,299,299,[482]
0x3dcE8a97294Eb3802B7a18131963AEd0ED444BB9,1,299,299,[521]
0x2355C4128aebe2870887E0fD6814b1615Fa6C81D,1,299,299,[1285]
0xd3AE4776a02470D3BAFFf037BDF1d80f7D966B22,1,299,299,[2568]
0x94EcB112556988aEA7Ea761b8AB8c94cF35bBB4D,1,299,299,[2825]
0x91d91FE2304d0c7Abf0152146C828f9558A5b615,1,299,299,[3533]
0x961a4e51C510CC42F64a549b9ba870E9c19329bE,1,299,299,[1903]
0x00Ea4A511Af1fE3A8A68052719c6ABa799EBc5Cb,1,299,299,[8660]
0x06b83aA7038d59c7648e05C52F15a8C33Eb898c8,1,299,299,[7231]
0x9903bE410bf874Bd50f3DA4E8C2276b5c0B7BbFd,1,299,299,[6613]
0x2DC6f85E1a4E5715067fF7f2749d7331DaacaD3c,1,299,299,[1972]
0x67a0c713B4424F0F46A59122864fF74b72170694,1,299,299,[1670]
0x5bE0C6B9301241eE1E293Fd9a9bb540Ac1C32796,1,299,299,[5244]
0xF9570af7F53356557C1728b2779122EE5317284D,1,299,299,[2245]
0x84F92DE6557b4811AeE3fC8c110d60d43A37A166,1,299,299,[5898]
0xd4d013B2e1704473fD60f5C38649D5d328a95EeE,1,299,299,[7374]
0x26bABC49A8a63A7d7b33717f18Af43A45d8D89C5,1,299,299,[3803]
0x3A374A5f6064659e13B4C89bfce6EBd38AcB125c,1,299,299,[6266]
0x5ea7b78028A7879F669E3e8afD0f17114f9D6F41,1,299,299,[1223]
0x10337523fE988d6ce28B0Bd65c4Cc6dd34E39c1D,1,299,299,[1141]
0xa041b7f558Fd08728F838183c72B1664Ac0DC719,1,299,299,[2208]
0xAb3Dd54a436ED0395126c011c618FBE7a6874779,1,299,299,[6407]
0xfCB3fF5f51D58368f505159F13b8125d4e407B7A,1,299,299,[4995]
0xCd4E1c24598598133E204e83075e97aB95BF7667,1,299,299,[3635]
0x0f3269F36D12b6D4a5D2000f417D5001A650691C,1,299,299,[1135]
0x203913546a0c09b5BcD0f3205ad4eB62b9D5BeC4,1,299,299,[7221]
0xd03c3a0FCF1881fAC315b8F3a9fA82821D06B7E9,1,299,299,[6778]
0xd4d97F7fE391cD251B247024F0CCA7e3AEa57B89,1,299,299,[2635]
0xCA8Ee2DcACbA56664221D41ec9fB041262784ed8,1,299,299,[2693]
0xd1290992ec12179d990BD69dBC541d4F4f62A45F,1,299,299,[5831]
0x371832f9480Ce01262b11d8d6ceF68d69D3c0aa3,1,299,299,[2930]
0x539b7fFF29Bb065Da2F2eE2F3165d52d06109FE0,1,299,299,[2469]
0x6C12f884501BD892782F921d2aa0400bAe3C92ab,1,299,299,[4687]
0xA87C8573740C62D3A37E98D1622350c81A2f6Cf4,1,299,299,[1109]
0x0C4cD9296286546cc1dB0C80B54952Aa34565788,1,299,299,[8633]
0xddE54848Fa9793d5Bbc5379EB35983B6F68A1BAb,1,299,299,[6306]
0x120C09e9d7Eeb96766f6d18234619f07F59E7AA8,1,299,299,[5578]
0x965e58A1adB324fAc8e3cE168465eA82946EAd0D,1,299,299,[8862]
0xd55fb205Aa43919DF9f8d32f8e4DaF5705C8D5b2,1,299,299,[679]
0xEF441DB6aDEca35676029289370e4588cfeEE650,1,299,299,[3405]
0xc61Dc3D6867Fb8855000853f3f90D3be54dcE637,1,299,299,[4500]
0x42a5bdd2B4EC022B18E0009c08Dd09409ca27a95,1,299,299,[6208]
0x10f51D399c1802CDe7A8ed849F0BDe928bd2922A,1,299,299,[3334]
0xf0da08D1915aDAF1A9Ab9bDa579AB065bA0D8084,1,249,249,[4390]
0x1732f2119bA40341CD9299062eF51454af98bFE8,1,249,249,[3680]
0xb4fc86B28B341A681732EC946ca367A2288668d1,1,249,249,[4076]
0x79aa49454C86172eD93bb0A5CFEf9C7b16F1Fc0A,1,249,249,[8004]
0x162A3eCe8c59200229163C95E844610fA75C531b,1,249,249,[5095]
0xaDfF68138643089383e912565D75069CF4fa9520,1,249,249,[3559]
0x17d3824cd49b19325B77D63312897a67136D58Ec,1,249,249,[6929]
0x3b37481bC3518f24cD48978f150e71e78bE45FFA,1,249,249,[3464]
0x7f269C7B3f4D68553Ed91DB15136d752F4380795,1,249,249,[7222]
0xC21b6cB04aA1997c8754f1d551905B90dA532dfa,1,249,249,[3037]
0x7cFAa81e07118A6A1BE41B13694007E1e2868CA2,1,249,249,[501]
0x5d148D17b64a75BE11f8424D95dbE41339c6c748,1,249,249,[7833]
0x242873eCc8f23dEF5216a2F16abd0ad7094e4D4A,1,249,249,[8573]
0x229D39ecFAde62D49a5535E8E7157A805F4e75c3,1,249,249,[1987]
0xCE4CE16b2bf71128E68c75c27ae142c369D71429,1,249,249,[6789]
0x246AC001ec2f8c5a703AfC8A532A50370D42757A,1,249,249,[996]
0x403D104D7cc2E0FB900a9878A951EFAA5f76dcf1,1,249,249,[1797]
0xe13A370fECe549f8a38ba243815873241Ba6f02e,1,249,249,[3056]
0x9C4fB4c2fCAEE8BBcC2223BA90586Ab3Ab06b9Ea,1,249,249,[6213]
0xde0769179eB485e330435bc03977B82a2a9634b8,1,249,249,[8453]
0xbda12563a964a731B306B1BfD947F6b30271Fe11,1,249,249,[2185]
0x2116C25d8F2D2a31458302c0fFB8CFEbfa9a64b2,1,249,249,[8034]
0x9241D910c74979C44e54C16E13373333201F02bA,1,249,249,[228]
0x3B1cee37899Fd9254095965F54424b5F64eE394A,1,249,249,[7131]
0x8FB2a4173f7D6250BB9891428D3072D1c59Cda6F,1,249,249,[2811]
0x836E932D784D92A0f664007a725391D40312aAF4,1,249,249,[7884]
0xC414d109F1e8D01228AC7C14d739133B27bF8A6e,1,249,249,[2034]
0x36f6b210d830178DBf96946e3142A8976D02596C,1,249,249,[8876]
0x24F390FfF7f6D83C93685DaA991692357bc11DB5,1,249,249,[2524]
0x64dF0A7F0af67d901A7EAa9e5bd08095A6E2c538,1,249,249,[4187]
0x619D6Bfb23636510Cf474a7944da1a57AdC50ED1,1,249,249,[6806]
0xEC43Ea14eBE839963CbD87c366C7566EFE5360bE,1,249,249,[6391]
0x841B9efba644262367e029185C7ccf4dD23B5D40,1,249,249,[7324]
0xC4783aF19FEF5423DA3E8CE88298fB159Ae3122e,1,249,249,[5864]
0xbcB90cD2eE737510C4D3D6fD67C693DAb2cd2344,1,249,249,[7377]
0x048c4a9AcBB1FE899773dFdd471F002B635bF87C,1,249,249,[982]
0xB950fe2AeE9E72647Fff9962b901265D8572d3D8,1,249,249,[8377]
0x4843CA916C45ea85CA0D2ADaCD6b4eDf5d5ECE6E,1,249,249,[3863]
0x4d068336C0E2D472b2179EC157Acfd0677e79cE9,1,249,249,[3010]
0xE06cc5e3117398255ebaE71c9cC694500da3f30e,1,249,249,[1583]
0x927ECd3E8995b545dcA211DDF4676101e6Bc87A1,1,249,249,[6078]
0x523c2a4E38945FC0c2580A2260Ba9fC163CF5020,1,249,249,[4693]
0xFF69f8aCf0D7a04529627FC09C22d54d5c323176,1,249,249,[5361]
0x04171a5b0a992134523290409f486364e60ddB43,1,249,249,[4575]
0x755cE527199A786Ddd1089DAF2Fbc4Bed09422AF,1,249,249,[8642]
0xBf9AaDdF41aD117C2a0422f1D9Bb556501f59407,1,249,249,[3138]
0x3F216cCC5B8e6C7Ef29E0a1a75f22B902445482C,1,249,249,[811]
0xeE506eC4b9636DD94E1F4A3952Aa7191EFFEd361,1,249,249,[2763]
0x1897A248306d8F90Ef9a592dFcD9F1D13B51d0f7,1,249,249,[6033]
0x9010b60aEd201B5911f658C5736a4d4Aca5F000C,1,249,249,[376]
0xc36102A16403fc95fe08fE1509AaD699767489E4,1,249,249,[5070]
0x34e7270AD9c592451B2bfA29136aDcC2070Bf21E,1,249,249,[6800]
0x53d696550F44e57040dC20b08F2B972409134Bc4,1,249,249,[6482]
0x1Ad54805B55F22A88060B733569cd97608fB988d,1,249,249,[6741]
0x279E0Bec7581337F5F74AB76b89F80d691BF1D4D,1,249,249,[6106]
0x07006522211a5521814762e9ed568fdCcd5ff340,1,249,249,[5337]
0x4d96893567ECc39F0D634fE8760EC0b9F73373Cc,1,249,249,[8713]
0x6bE5E7da4aD8523f9C622544A938F344a1f62Cf5,1,249,249,[280]
0x005d438460fC603308aA9479075ca4156A6105c8,1,249,249,[4979]
0xEF2D72B2F44de585Fc35D1381E68bd7E76629Ad5,1,249,249,[6333]
0x028197C90e18c111c3F26360ca83Ac6577a077d7,1,249,249,[2605]
0x099870c50A8fAa98a6516cf13D0fe577E243d6Bf,1,249,249,[327]
0xf34254A126344bb15112b6110D28a9Ed80BFcAFa,1,249,249,[1381]
0xdA9ceBf0b8350A9dCC4c80e7e4Bbe587FC5Ee54F,1,249,249,[1305]
0x600088de80a9eC2A0168E21cBDa2A5bCE6DA5c78,1,249,249,[8595]
0xd5Ce9C4fa41477694dA6630b3966A78A88961628,1,249,249,[1294]
0x87Cf748198D910cbEacFDE4F43b49F53590dB19E,1,249,249,[8230]
0x70DDC66b2a93df33195e2d7205A7EAfE3FB3bCa7,1,249,249,[4219]
0x89C533f9F8dD42214FCFfb6ffB27557A55ABD8e8,1,249,249,[8847]
0x362CDE617D1611E72c8a93f780B449d9F901F70f,1,249,249,[6423]
0x36b2AF8E482Ae79B52609a60dd68099ad2B02CB9,1,249,249,[8226]
0x634A5dc4CDa63eA8D0699D9387CDcfffC6408b84,1,249,249,[1040]
0x492E259cb504E91BEDDaCCA99A96ED4EF46690b1,1,249,249,[8661]
0x153D2E118272Ecb2B62DbEE1857E4AA85421Cb6f,1,249,249,[4078]
0x692833c50C1EC32Eb2A2B8114917a6aa9E9DF206,1,249,249,[3539]
0xCa83339ef338Fd7FeF973Ea93241A2494F5Ad1e4,1,249,249,[7288]
0x4a03B5f79af795458170198a1FA4454B8Ca03622,2,249,498,"[8237, 7364]"
0x302c3Eea7b47A63aB1D2339b0fd1e66f80F087fC,1,249,249,[1996]
0xDBd1cFBA1a2ba960206c67C724283EA25c7c7615,1,249,249,[2621]
0x605e644194E17AaDFF4c60f1502c4dc555ddBDB9,1,249,249,[935]
0x06600d12388eec68f0fe82Af1fCf75040F43386e,1,249,249,[2275]
0x826B064FaeAF62fdEB02e71e2971340348B76350,1,249,249,[2136]
0xDFAAD7B7dF02C1dC5EEaF36f46dBA6E8ef56B70b,1,249,249,[5156]
0x383643f7F2C87ad8382D0C5c1082463BB36185e2,1,249,249,[6437]
0x738A98b422671e2520212767f5aA8eD49467F6bd,1,249,249,[4684]
0x70a167979FB49F6Bf4B8280cdE0a26cD8f218d4C,1,249,249,[3139]
0xc6DD12F7c687691cFCC91542d5c46E1E028B94bb,1,249,249,[7552]
0x010EE5c07bC00AAC0A17b8BDd05c21d100a0DF1B,1,249,249,[1885]
0x4246222AF9809bFCA719874175d4003b21BBc6e4,1,249,249,[3835]
0x760425aaF8592570e5bcAACC21BB74d38F8AC275,1,249,249,[293]
0x3d05f260fd6a808546175D613F449dAa9520458c,1,249,249,[1950]
0x4559aA5E6A9Ac32fbA29F88A37F96b00290f2398,1,249,249,[8100]
0x87896c8Cb099C9Ef2b5a14e688D4450f941a60c6,1,249,249,[827]
0xB7d53C050B3b03B316ac5226fD170aFA774DcCE7,1,249,249,[3152]
0x1D7A11232CA73563c6DCE5b01c98367D880b9734,1,249,249,[1572]
0x0A33efAeEFEC25877e9051780ccb67876f7844F2,1,249,249,[7991]
0xaE2450883648e115804a9953fE900CFf746A7A17,1,249,249,[3215]
0x4c992822411A8d9Fcb3b3ba3C1bEE3ac897F5C4D,1,249,249,[8066]
0xc13c65AFb2487F87B990A6a991Dd52B2645Dbce7,1,249,249,[1017]
0xf20A935d7de6feE0A87D4e9a95B2db2BD49788B8,1,249,249,[7449]
0x090216b32430037944BBCCfF89b9B2d8b9E75A38,1,249,249,[4846]
0x337326313e42Fdab9860f87dA6403ec73a08bA5f,1,249,249,[2117]
0x62819872436f2190E3652E2739F84EFFD0128114,1,249,249,[3330]
0x058fc8bA3aC6580B391c4278e8FcEc067491F102,1,249,249,[7529]
0x3d27c65095510B6eeE985f329712ec77f5D4EefC,1,249,249,[7955]
0x21dbba8d909568AC8F811E8eeEB15249110Df53e,1,249,249,[1139]
0xEa58C79C0034204887eAAf181c493ABbe5aC6901,1,249,249,[3224]
0xf6A24aA67736AAaB47F2998a9ABf5176267505b1,1,249,249,[6155]
0x79d0Ad6F8298146e6674b0DB96470D9998A650FE,1,249,249,[2842]
0x8B6B2274E9C48Ec9e8a7e8CDD7211f4E6B38f741,1,249,249,[4074]
0x74b678271d77F9F8471e436028e3a9240bB56a5e,1,249,249,[5108]
0x02209006223b8390732593EFf51B5c253693e04C,1,249,249,[5928]
0x1c886b58A42a431234065aaF7aeDACD0d432A3F6,1,249,249,[8474]
0x9e1f229a8DcB266CE269dd9aC77A691Abe226C94,1,249,249,[8114]
0x0f139fc7575D6FCb540Fc2469c78D20E7b4896C7,1,249,249,[289]
0x7463a216164968cac01cF0942563F5c8b25003C3,1,249,249,[2935]
0xeb765d3cB7BE28dC81f2C46c4fe3c5be239cA857,1,249,249,[7167]
0xDCA265D36aE7F45DAe4b8604e1b4C209E4253b69,1,249,249,[2364]
0x3722CB2dC7a1D6A778a3f476e162c30f00D6AeDf,1,249,249,[1308]
0xCF066B771E77391e5Cf9Cc6fE69cEAceD15d863D,1,249,249,[3605]
0xEA1B49aC4a80cE9f2D15e3881A18FFb4bC7556B1,1,249,249,[5141]
0x07227EA8bF2B88e8bDB2E4B217B7803c719c56a7,1,249,249,[6426]
0x83434e7b52bAF63ab707B7540c394C69B5A05B1D,1,249,249,[8071]
0xa58E0ec046b55c4003B67A55FC45097318911E69,1,249,249,[5134]
0xc506EF4519E2c82027E1CCb470766A59Dcc8358f,1,249,249,[6322]
0x967D9A5c15bcFc54f10F772Abe10489474fb35B9,1,249,249,[5074]
0xccaAdD7F1dc4CAF468bFfFB0736B3AEa0F3C21dD,1,249,249,[4068]
0x89bB5F832C7D4fFb270bdE674682bcB11756A9BE,1,249,249,[1852]
0x7CEe7D232DCAE23fd673ea798078fde6c5a11c3A,1,249,249,[3697]
0xf52BB56bD4F213554C6672D065cF6B03Ae016E99,1,249,249,[8376]
0xFbC2366D12b9eFc14faF25f6f31dcEB326504E1C,1,249,249,[881]
0xd8545be4aAEbD14A08383fa52731E0b37a80F028,1,249,249,[7247]
0x3767D75D452b4d7A147C9CFB4fdB34debE17cb0c,1,249,249,[4840]
0xDaf88303d36aeA44A40D1896267f3C0A37C541cb,1,249,249,[3997]
0xB2b3BFC87388b1A5252C1C3DeFd6eAf63611f24F,1,249,249,[230]
0xc75E3B670294446A09df6FC0B6F9790c5D610E60,1,249,249,[8347]
0xDe721f766E3c0f4d62799DcB7f35E8Da78549523,1,249,249,[1439]
0x7bEC1aA0c838FDf2549D5E1f78649FfBf497aA69,1,249,249,[8041]
0x15eF5D18F0362bC1a1fFC86fFC102e7AbE5e256e,1,249,249,[2525]
0x193fdA207839545b2C11d92D0960924Cc091B161,1,249,249,[8387]
0xb2a477Ec045104A655a40e2874dd68B550a07bD3,1,249,249,[6930]
0x2668cFeE75c23173262150935297408461F66484,1,249,249,[1866]
0x01772E50f13f21E6A278e692423C4D514837F9dE,1,249,249,[1845]
0xAC1da751Df4af5dA231a4C1a8629965D94C162CF,1,249,249,[2514]
0xC4c060682b259b00cb0B11A23d03eC0813AAc655,1,249,249,[4870]
0xDE7317Aa4E970D4D9EFE8666E35650a172d98b5D,1,249,249,[8070]
0x936B6A794270aF2F647fFb26db7AACDE70ef539f,1,249,249,[943]
0x75A31B45A046899e18e885Ed1bb783bf8c693F7c,1,249,249,[5426]
0x277B2fF9909EAdeE4B7D5f6b8328DdD041E52eD9,1,249,249,[1427]
0x0Ef0c2cEc1f624Da66C3738D1bb603726fC70437,1,249,249,[3705]
0x5c8eB3363dF6596e4048C1c1b3283A79df1B345D,1,249,249,[2013]
0xEb33c6f68B123e63fE7B304bbBd0199EA1916C91,1,249,249,[3287]
0xF88EF40326Dd3171327bbb7BabbF7B2F5E73ba67,1,249,249,[2236]
0xf87d3A3C717346805aCA4BFc2452BDfde8A7c8B7,1,249,249,[7332]
0x834D19C0565f0a25dD479907d696C197930427e5,1,249,249,[1255]
0x1ABB512B126AC23F385597724d3D55782995B6C3,1,249,249,[8632]
0x7F22F766a19f66A5cb127EB6045494f3670Cd6ad,1,249,249,[8082]
0x4454FA2316B618b8EA8C5AFE7724fdBf20c8Ed9e,1,249,249,[2789]
0x316EEeDBA5484Fc53F11020883d45829F0971678,1,249,249,[5269]
0x49f8622F0774efD52da18CBDfEfd145B1f1AB98F,1,249,249,[6532]
0xD9A45278C5CCBa59F83d92c996E01F77D766CF52,1,249,249,[5023]
0xf036910626871097f403eEBb8F47F18741c51a2a,1,249,249,[184]
0x8eB00242CD534f342B1BD8b911dd44881b91bD48,1,249,249,[5812]
0xddFae6AA9e4527c2518A1030757111dF0D3345fA,1,249,249,[7023]
0x920124828aA1C1f6780ab113de1108Bbda6f4733,1,249,249,[6818]
0xA79f3C8F9C6e3Ff97F1c50Aa276372090caBbb44,1,249,249,[3634]
0x80DFC8D4e6056364D67f59A335bF6994e602Eb11,1,249,249,[3449]
0xF899F0e08e54dB2Cc51df45F1e70DbaaE2bB32DE,1,249,249,[5169]
0xc676bAb412c7B4E5107216055EDAB8ece2Af1Fa6,1,249,249,[3407]
0xA86D86f09775321CF6B81cA0E6d607ad7571c395,1,249,249,[2920]
0x81A973200B73800B0a8f10C5bd28838aC41b9593,1,249,249,[4124]
0xae1De76928CC118BeaB0720A66Bb15e38350629d,1,249,249,[1177]
0xD13c141b56365d98f6BD2e00DC0f657365f2E6e8,1,249,249,[6550]
0x78Bde9A5F1F06547A837134BE99D740f30B1e2a8,1,249,249,[6780]
0x313A4eCCBBAd1c062cAC0F94B32fD80aA7e76471,1,249,249,[5254]
0x657190bfC694f816B6cdd9EaB3275f470E26542C,1,249,249,[3862]
0x0dD35Ff4f88Ff8878488aC943Fc783EA1468AA98,1,249,249,[2776]
0xaA3C5749628610fF410EF9133a4ac4f58e9A52eA,1,249,249,[1279]
0xC6D1bD5003DE5Fb4D725530f4B455CAd0DF24980,1,249,249,[1514]
0xc778e065350217565c047035329701fa552FC74D,1,249,249,[6717]
0x0EB7D71fd878b5545eA17A6f36FC8bcBBB7975Ce,1,249,249,[1525]
0x2667cF6172b0F08B64a5F28e96B1771A43b3B956,1,249,249,[7489]
0x3Ed94DF49728CFb4cbf80fF6616DEF81b1379f7F,1,249,249,[2486]
0x1107602d51193953cFe4cb8a4B01d846e7E426ab,1,249,249,[3678]
0x23a2Bc0395a37C7577fe2847CF4F9Ac8D6C7392C,1,249,249,[6197]
0x351f2bA1147F135e334b1F758bBFeC60A55Da885,1,249,249,[2008]
0x07ec0e7e2F22197163E641f5d4d05D9F0c885BDf,1,249,249,[2506]
0xfb954737c1538f64A993EFFA0995BE6D69246a82,1,249,249,[2168]
0x523476B77EA35e170d94309018D6308f97c3104E,1,249,249,[6314]
0x32a411D6045119f3b92Ba32805Baeb120c0c4D5a,1,249,249,[6760]
0x72B1B48d1c5E106466944063dCf095D33228EE6b,1,249,249,[6065]
0xCEe3b632E787C119DD243C7Be4501d89335fCfAF,1,249,249,[5257]
0x68BAbB34c13F5901e81ECEb3653f5CD02BcCf702,1,249,249,[6759]
0x18F3Bd138B6A272180a5c173fFE25288DE9Fc366,1,249,249,[7507]
0x94dDcc4bb513694cE12F357795FbF29a929dea03,1,249,249,[4700]
0x33bbe96d49C47889dA9471eCE40D16dd3ba91fe9,1,249,249,[7350]
0x6384Be83C3168b5321A4941feC05cB40e2Ca429e,1,249,249,[6047]
0xCe377D0F29C188F701C8De32CE9206F4B5780Bb1,1,249,249,[4925]
0xa2997A65407A8031AB5d1FB1e45c173d48CeD719,1,249,249,[8571]
0xD02CBf98ec463A15D897bE9F3da6B69F03e014EC,1,249,249,[6335]
0xe67FCB66Ee67D2F903EAa46E1d2E3530AB8CAae2,1,249,249,[3534]
0xAB2C592f75cdFbBB5F979e806321Ad091d263a75,1,249,249,[6932]
0xBB02AD71112b1E59191dDdAB58d122905029D5bC,1,249,249,[5609]
0x77b28B760eAd1912F290D14A4D3933E06fB233B3,1,249,249,[8368]
0x5F32CE51506DdeA300d4E3d9d24DDDE3541F063D,1,249,249,[1517]
0x21E255F9544C8E20C16E26C178d387484022Dd56,1,249,249,[6387]
0x309cE4Fc9643E35d7f1F6f3Eebe147Ee2B017097,1,249,249,[3257]
0x3f95a82E656BA263e1fd4444dfd40eC03f3b1915,1,249,249,[206]
0xabC23E94df1Fc32F882175f28686374D77cb59FE,1,249,249,[4310]
0xa9B7530Fb064bc70bda14f5229A8725D6122C433,1,249,249,[5599]
